INSERT INTO public.deployment (id, name, hostnames, allow_observer_submission_edit, brand_image, include_rejected_in_votes, is_initialized, dashboard_full_locations, enable_partial_response_for_messages, primary_locale, other_locales, uuid) VALUES (1, 'Demo', '{localhost}', true, NULL, false, false, true, true, NULL, NULL, 'cedd906b-b461-4ea9-9b7c-ac169badda08');
INSERT INTO public.resource (resource_id, resource_type, deployment_id, uuid) VALUES (1, 'event', 1, '7273bdfa-07d5-4642-9e0f-e2e72b5bfc74');
INSERT INTO public.resource (resource_id, resource_type, deployment_id, uuid) VALUES (2, 'event', 1, 'afbd2aef-fcc2-4336-a9b2-01ae5ac9ed4c');
INSERT INTO public.resource (resource_id, resource_type, deployment_id, uuid) VALUES (3, 'event', 1, '538ee2bd-331f-4041-a0eb-5b456b517141');
INSERT INTO public.resource (resource_id, resource_type, deployment_id, uuid) VALUES (4, 'form', 1, 'bec1f1cc-a4d8-4798-b763-e17b6ba5d128');
INSERT INTO public.resource (resource_id, resource_type, deployment_id, uuid) VALUES (5, 'form', 1, '1c6547b0-e21c-4f13-8ea8-802d725d6559');
INSERT INTO public.resource (resource_id, resource_type, deployment_id, uuid) VALUES (6, 'form', 1, 'a0efcdf3-8f09-4d15-8303-6c720bbf7536');
INSERT INTO public.resource (resource_id, resource_type, deployment_id, uuid) VALUES (7, 'form', 1, '1a8b8e90-ac70-435e-8dfa-0f5ecec33246');
INSERT INTO public.resource (resource_id, resource_type, deployment_id, uuid) VALUES (8, 'form', 1, '28de096e-3ea9-48f9-8b24-12ba6142c202');
INSERT INTO public.resource (resource_id, resource_type, deployment_id, uuid) VALUES (9, 'form', 1, '2856962f-d9d0-4ad5-bf99-1a40d86db1fa');
INSERT INTO public.event (id, name, is_hidden, start, "end", resource_id, location_set_id, participant_set_id) VALUES (1, 'Event 1', false, '2005-12-13 01:00:00+01', '2005-12-14 00:59:59+01', 1, NULL, NULL);
INSERT INTO public.event (id, name, is_hidden, start, "end", resource_id, location_set_id, participant_set_id) VALUES (2, 'Event 2', false, '2005-12-14 01:00:00+01', '2005-12-15 00:59:59+01', 2, NULL, NULL);
INSERT INTO public.event (id, name, is_hidden, start, "end", resource_id, location_set_id, participant_set_id) VALUES (3, 'Event 3', false, '2005-12-14 01:00:00+01', '2005-12-16 00:59:59+01', 3, NULL, NULL);
INSERT INTO public.form (id, name, is_hidden, prefix, form_type, require_exclamation, untrack_data_conflicts, data, version_identifier, resource_id, quality_checks, party_mappings, calculate_moe, accredited_voters_tag, quality_checks_enabled, invalid_votes_tag, registered_voters_tag, blank_votes_tag, vote_shares, result_images, turnout_fields, turnout_registered_voters_tag, show_moment, show_map, show_progress) VALUES (1, 'CH-1-1', false, 'XA', 'CHECKLIST', true, true, NULL, '8f389707f29d43af9a423b93a9b1bb7c', 4, NULL, NULL, NULL, NULL, false, NULL, NULL, NULL, NULL, NULL, NULL, NULL, NULL, NULL, NULL);
INSERT INTO public.form (id, name, is_hidden, prefix, form_type, require_exclamation, untrack_data_conflicts, data, version_identifier, resource_id, quality_checks, party_mappings, calculate_moe, accredited_voters_tag, quality_checks_enabled, invalid_votes_tag, registered_voters_tag, blank_votes_tag, vote_shares, result_images, turnout_fields, turnout_registered_voters_tag, show_moment, show_map, show_progress) VALUES (2, 'IN-1-1', false, 'XB', 'INCIDENT', true, true, NULL, '7d9f6f02091e45c5a3567235e940bf20', 5, NULL, NULL, NULL, NULL, false, NULL, NULL, NULL, NULL, NULL, NULL, NULL, NULL, NULL, NULL);
INSERT INTO public.form (id, name, is_hidden, prefix, form_type, require_exclamation, untrack_data_conflicts, data, version_identifier, resource_id, quality_checks, party_mappings, calculate_moe, accredited_voters_tag, quality_checks_enabled, invalid_votes_tag, registered_voters_tag, blank_votes_tag, vote_shares, result_images, turnout_fields, turnout_registered_voters_tag, show_moment, show_map, show_progress) VALUES (3, 'IN-2-1', false, 'ZA', 'INCIDENT', true, true, NULL, '5e50b822cbf94fedb76619f1808716b2', 6, NULL, NULL, NULL, NULL, false, NULL, NULL, NULL, NULL, NULL, NULL, NULL, NULL, NULL, NULL);
INSERT INTO public.form (id, name, is_hidden, prefix, form_type, require_exclamation, untrack_data_conflicts, data, version_identifier, resource_id, quality_checks, party_mappings, calculate_moe, accredited_voters_tag, quality_checks_enabled, invalid_votes_tag, registered_voters_tag, blank_votes_tag, vote_shares, result_images, turnout_fields, turnout_registered_voters_tag, show_moment, show_map, show_progress) VALUES (4, 'CH-3-1', false, 'WA', 'CHECKLIST', true, true, NULL, 'aac237a0844d414e8635ed054ab27333', 7, NULL, NULL, NULL, NULL, false, NULL, NULL, NULL, NULL, NULL, NULL, NULL, NULL, NULL, NULL);
INSERT INTO public.form (id, name, is_hidden, prefix, form_type, require_exclamation, untrack_data_conflicts, data, version_identifier, resource_id, quality_checks, party_mappings, calculate_moe, accredited_voters_tag, quality_checks_enabled, invalid_votes_tag, registered_voters_tag, blank_votes_tag, vote_shares, result_images, turnout_fields, turnout_registered_voters_tag, show_moment, show_map, show_progress) VALUES (5, 'CH-3-2', false, 'WB', 'CHECKLIST', true, true, NULL, '64f973d56a55469da34ea3ec6b7ae2c8', 8, NULL, NULL, NULL, NULL, false, NULL, NULL, NULL, NULL, NULL, NULL, NULL, NULL, NULL, NULL);
INSERT INTO public.form (id, name, is_hidden, prefix, form_type, require_exclamation, untrack_data_conflicts, data, version_identifier, resource_id, quality_checks, party_mappings, calculate_moe, accredited_voters_tag, quality_checks_enabled, invalid_votes_tag, registered_voters_tag, blank_votes_tag, vote_shares, result_images, turnout_fields, turnout_registered_voters_tag, show_moment, show_map, show_progress) VALUES (6, 'IN-3-1', false, 'WC', 'INCIDENT', true, true, NULL, '34d79b36acf74dd99bbf8b68631f587c', 9, NULL, NULL, NULL, NULL, false, NULL, NULL, NULL, NULL, NULL, NULL, NULL, NULL, NULL, NULL);
INSERT INTO public.events_forms (event_id, form_id) VALUES (1, 1);
INSERT INTO public.events_forms (event_id, form_id) VALUES (1, 2);
INSERT INTO public.events_forms (event_id, form_id) VALUES (2, 3);
INSERT INTO public.events_forms (event_id, form_id) VALUES (2, 4);
INSERT INTO public.events_forms (event_id, form_id) VALUES (2, 5);
INSERT INTO public.events_forms (event_id, form_id) VALUES (2, 6);
INSERT INTO public.events_forms (event_id, form_id) VALUES (3, 3);
INSERT INTO public.events_forms (event_id, form_id) VALUES (3, 4);
INSERT INTO public.events_forms (event_id, form_id) VALUES (3, 5);
INSERT INTO public.events_forms (event_id, form_id) VALUES (3, 6);
SELECT pg_catalog.setval('public.contact_history_id_seq', 1, false);
SELECT pg_catalog.setval('public.deployment_id_seq', 1, true);
SELECT pg_catalog.setval('public.event_id_seq', 3, true);
SELECT pg_catalog.setval('public.form_id_seq', 6, true);
SELECT pg_catalog.setval('public.image_attachment_id_seq', 1, false);
SELECT pg_catalog.setval('public.location_data_field_id_seq', 1, false);
SELECT pg_catalog.setval('public.location_group_id_seq', 1, false);
SELECT pg_catalog.setval('public.location_id_seq', 1, false);
SELECT pg_catalog.setval('public.location_set_id_seq', 1, false);
SELECT pg_catalog.setval('public.location_type_id_seq', 1, false);
SELECT pg_catalog.setval('public.message_id_seq', 1, false);
SELECT pg_catalog.setval('public.participant_data_field_id_seq', 1, false);
SELECT pg_catalog.setval('public.participant_id_seq', 1, false);
SELECT pg_catalog.setval('public.participant_partner_id_seq', 1, false);
SELECT pg_catalog.setval('public.participant_role_id_seq', 1, false);
SELECT pg_catalog.setval('public.participant_set_id_seq', 1, false);
SELECT pg_catalog.setval('public.permission_id_seq', 1, false);
SELECT pg_catalog.setval('public.phone_contact_id_seq', 1, false);
SELECT pg_catalog.setval('public.resource_resource_id_seq', 9, true);
SELECT pg_catalog.setval('public.role_id_seq', 1, false);
SELECT pg_catalog.setval('public.sample_id_seq', 1, false);
SELECT pg_catalog.setval('public.submission_comment_id_seq', 1, false);
SELECT pg_catalog.setval('public.submission_id_seq', 1, false);
SELECT pg_catalog.setval('public.submission_version_id_seq', 1, false);
SELECT pg_catalog.setval('public.user_id_seq', 1, false);
SELECT pg_catalog.setval('public.user_upload_id_seq', 1, false);
