[
  {
    "pk": 1,
    "model": "webapp.locationtype",
    "fields": {
      "rght": 16,
      "code": "",
      "name": "Country",
      "parent": null,
      "level": 0,
      "lft": 1,
      "tree_id": 1,
      "in_form": false
    }
  },
  {
    "pk": 2,
    "model": "webapp.locationtype",
    "fields": {
      "rght": 15,
      "code": "",
      "name": "Province",
      "parent": 1,
      "level": 1,
      "lft": 2,
      "tree_id": 1,
      "in_form": false
    }
  },
  {
    "pk": 3,
    "model": "webapp.locationtype",
    "fields": {
      "rght": 14,
      "code": "",
      "name": "District",
      "parent": 2,
      "level": 2,
      "lft": 3,
      "tree_id": 1,
      "in_form": false
    }
  },
  {
    "pk": 4,
    "model": "webapp.locationtype",
    "fields": {
      "rght": 13,
      "code": "",
      "name": "Constituency",
      "parent": 3,
      "level": 3,
      "lft": 4,
      "tree_id": 1,
      "in_form": false
    }
  },
  {
    "pk": 5,
    "model": "webapp.locationtype",
    "fields": {
      "rght": 12,
      "code": "",
      "name": "Ward",
      "parent": 4,
      "level": 4,
      "lft": 5,
      "tree_id": 1,
      "in_form": false
    }
  },
  {
    "pk": 6,
    "model": "webapp.locationtype",
    "fields": {
      "rght": 11,
      "code": "",
      "name": "Polling District",
      "parent": 5,
      "level": 5,
      "lft": 6,
      "tree_id": 1,
      "in_form": false
    }
  },
  {
    "pk": 7,
    "model": "webapp.locationtype",
    "fields": {
      "rght": 10,
      "code": "",
      "name": "Polling Station",
      "parent": 6,
      "level": 6,
      "lft": 7,
      "tree_id": 1,
      "in_form": false
    }
  },
  {
    "pk": 8,
    "model": "webapp.locationtype",
    "fields": {
      "rght": 9,
      "code": "",
      "name": "Polling Stream",
      "parent": 7,
      "level": 7,
      "lft": 8,
      "tree_id": 1,
      "in_form": false
    }
  },
  {
    "pk": 1,
    "model": "webapp.location",
    "fields": {
      "rght": 2,
      "code": "ZM",
      "name": "Zambia",
      "parent": null,
      "level": 0,
      "lft": 1,
      "tree_id": 1,
      "type": 1
    }
  },
  {
    "pk": 1,
    "model": "webapp.observerrole",
    "fields": {
      "name": "District Supervisor",
      "parent": null
    }
  },
  {
    "pk": 2,
    "model": "webapp.observerrole",
    "fields": {
      "name": "Monitor",
      "parent": 1
    }
  },
  {
    "pk": 1,
    "model": "webapp.checklistform",
    "fields": {
      "prefix": "EDAY",
      "name": "Elections"
    }
  },
  {
    "pk": 2,
    "model": "webapp.checklistform",
    "fields": {
      "prefix": "RRP",
      "name": "Elections (RRP)"
    }
  },
  {
    "pk": 1,
    "model": "webapp.election",
    "fields": {
      "name": "Presidential"
    }
  },
  {
    "pk": 2,
    "model": "webapp.election",
    "fields": {
      "name": "Parliamentary"
    }
  },
  {
    "pk": 3,
    "model": "webapp.election",
    "fields": {
      "name": "Local Government"
    }
  },
  {
    "pk": 1,
    "model": "webapp.party",
    "fields": {
      "acronym": "ADD",
      "elections": [
        1,
        2,
        3
      ],
      "name": "Alliance for Democracy and Development",
      "location": 1
    }
  },
  {
    "pk": 2,
    "model": "webapp.party",
    "fields": {
      "acronym": "FDD",
      "elections": [
        1,
        2,
        3
      ],
      "name": "Forum for Democracy and Development",
      "location": 1
    }
  },
  {
    "pk": 3,
    "model": "webapp.party",
    "fields": {
      "acronym": "Heritage Party",
      "elections": [
        1,
        2,
        3
      ],
      "name": "Heritage Party",
      "location": 1
    }
  },
  {
    "pk": 4,
    "model": "webapp.party",
    "fields": {
      "acronym": "MMD",
      "elections": [
        1,
        2,
        3
      ],
      "name": "Movement for Multiparty Democracy",
      "location": 1
    }
  },
  {
    "pk": 5,
    "model": "webapp.party",
    "fields": {
      "acronym": "NAREP",
      "elections": [
        1,
        2,
        3
      ],
      "name": "National Restoration Party",
      "location": 1
    }
  },
  {
    "pk": 6,
    "model": "webapp.party",
    "fields": {
      "acronym": "NDF",
      "elections": [
        1,
        2,
        3
      ],
      "name": "National Democratic Focus",
      "location": 1
    }
  },
  {
    "pk": 7,
    "model": "webapp.party",
    "fields": {
      "acronym": "NMP",
      "elections": [
        1,
        2,
        3
      ],
      "name": "National Movement for Progress",
      "location": 1
    }
  },
  {
    "pk": 8,
    "model": "webapp.party",
    "fields": {
      "acronym": "Patriotic Front",
      "elections": [
        1,
        2,
        3
      ],
      "name": "Patriotic Front",
      "location": 1
    }
  },
  {
    "pk": 9,
    "model": "webapp.party",
    "fields": {
      "acronym": "ULP",
      "elections": [
        1,
        2,
        3
      ],
      "name": "United Liberal Party",
      "location": 1
    }
  },
  {
    "pk": 10,
    "model": "webapp.party",
    "fields": {
      "acronym": "UNP",
      "elections": [
        1,
        2,
        3
      ],
      "name": "United Nationalist Party",
      "location": 1
    }
  },
  {
    "pk": 11,
    "model": "webapp.party",
    "fields": {
      "acronym": "UNPD",
      "elections": [
        1,
        2,
        3
      ],
      "name": "United Party for National Development",
      "location": 1
    }
  },
  {
    "pk": 12,
    "model": "webapp.party",
    "fields": {
      "acronym": "ZED",
      "elections": [
        1,
        2,
        3
      ],
      "name": "Zambians for Empowerment and Development",
      "location": 1
    }
  },
  {
    "pk": 13,
    "model": "webapp.party",
    "fields": {
      "acronym": "UNIP",
      "elections": [
        1,
        2,
        3
      ],
      "name": "United National Independence Party",
      "location": 1
    }
  },
  {
    "pk": 14,
    "model": "webapp.party",
    "fields": {
      "acronym": "PRP",
      "elections": [
        1,
        2,
        3
      ],
      "name": "People's Redemption Party",
      "location": 1
    }
  },
  {
    "pk": 1,
    "model": "webapp.checklistformparty",
    "fields": {
      "party": 1,
      "form": 1,
      "weight": 1
    }
  },
  {
    "pk": 2,
    "model": "webapp.checklistformparty",
    "fields": {
      "party": 2,
      "form": 1,
      "weight": 2
    }
  },
  {
    "pk": 3,
    "model": "webapp.checklistformparty",
    "fields": {
      "party": 3,
      "form": 1,
      "weight": 3
    }
  },
  {
    "pk": 4,
    "model": "webapp.checklistformparty",
    "fields": {
      "party": 4,
      "form": 1,
      "weight": 4
    }
  },
  {
    "pk": 5,
    "model": "webapp.checklistformparty",
    "fields": {
      "party": 5,
      "form": 1,
      "weight": 5
    }
  },
  {
    "pk": 6,
    "model": "webapp.checklistformparty",
    "fields": {
      "party": 6,
      "form": 1,
      "weight": 6
    }
  },
  {
    "pk": 7,
    "model": "webapp.checklistformparty",
    "fields": {
      "party": 7,
      "form": 1,
      "weight": 7
    }
  },
  {
    "pk": 8,
    "model": "webapp.checklistformparty",
    "fields": {
      "party": 8,
      "form": 1,
      "weight": 8
    }
  },
  {
    "pk": 9,
    "model": "webapp.checklistformparty",
    "fields": {
      "party": 9,
      "form": 1,
      "weight": 9
    }
  },
  {
    "pk": 10,
    "model": "webapp.checklistformparty",
    "fields": {
      "party": 13,
      "form": 1,
      "weight": 10
    }
  },
  {
    "pk": 11,
    "model": "webapp.checklistformparty",
    "fields": {
      "party": 11,
      "form": 1,
      "weight": 11
    }
  },
  {
    "pk": 12,
    "model": "webapp.checklistformparty",
    "fields": {
      "party": 12,
      "form": 1,
      "weight": 12
    }
  },
  {
    "pk": 13,
    "model": "webapp.checklistformparty",
    "fields": {
      "party": 4,
      "form": 2,
      "weight": 1
    }
  },
  {
    "pk": 14,
    "model": "webapp.checklistformparty",
    "fields": {
      "party": 5,
      "form": 2,
      "weight": 2
    }
  },
  {
    "pk": 15,
    "model": "webapp.checklistformparty",
    "fields": {
      "party": 11,
      "form": 2,
      "weight": 3
    }
  },
  {
    "pk": 16,
    "model": "webapp.checklistformparty",
    "fields": {
      "party": 13,
      "form": 2,
      "weight": 4
    }
  },
  {
    "pk": 17,
    "model": "webapp.checklistformparty",
    "fields": {
      "party": 7,
      "form": 2,
      "weight": 5
    }
  },
  {
    "pk": 18,
    "model": "webapp.checklistformparty",
    "fields": {
      "party": 1,
      "form": 2,
      "weight": 6
    }
  },
  {
    "pk": 19,
    "model": "webapp.checklistformparty",
    "fields": {
      "party": 3,
      "form": 2,
      "weight": 7
    }
  },
  {
    "pk": 20,
    "model": "webapp.checklistformparty",
    "fields": {
      "party": 12,
      "form": 2,
      "weight": 8
    }
  },
  {
    "pk": 21,
    "model": "webapp.checklistformparty",
    "fields": {
      "party": 2,
      "form": 2,
      "weight": 9
    }
  },
  {
    "pk": 22,
    "model": "webapp.checklistformparty",
    "fields": {
      "party": 8,
      "form": 2,
      "weight": 10
    }
  }
]