[
  {
    "pk": 1,
    "model": "webapp.locationtype",
    "fields": {
      "rght": 16,
      "code": "",
      "name": "Country",
      "parent": null,
      "level": 0,
      "lft": 1,
      "tree_id": 1,
      "in_form": false
    }
  },
  {
    "pk": 2,
    "model": "webapp.locationtype",
    "fields": {
      "rght": 15,
      "code": "",
      "name": "Province",
      "parent": 1,
      "level": 1,
      "lft": 2,
      "tree_id": 1,
      "in_form": false
    }
  },
  {
    "pk": 3,
    "model": "webapp.locationtype",
    "fields": {
      "rght": 14,
      "code": "",
      "name": "District",
      "parent": 2,
      "level": 2,
      "lft": 3,
      "tree_id": 1,
      "in_form": false
    }
  },
  {
    "pk": 4,
    "model": "webapp.locationtype",
    "fields": {
      "rght": 13,
      "code": "",
      "name": "Constituency",
      "parent": 3,
      "level": 3,
      "lft": 4,
      "tree_id": 1,
      "in_form": false
    }
  },
  {
    "pk": 5,
    "model": "webapp.locationtype",
    "fields": {
      "rght": 12,
      "code": "",
      "name": "Ward",
      "parent": 4,
      "level": 4,
      "lft": 5,
      "tree_id": 1,
      "in_form": false
    }
  },
  {
    "pk": 6,
    "model": "webapp.locationtype",
    "fields": {
      "rght": 11,
      "code": "",
      "name": "Polling District",
      "parent": 5,
      "level": 5,
      "lft": 6,
      "tree_id": 1,
      "in_form": false
    }
  },
  {
    "pk": 7,
    "model": "webapp.locationtype",
    "fields": {
      "rght": 10,
      "code": "",
      "name": "Polling Station",
      "parent": 6,
      "level": 6,
      "lft": 7,
      "tree_id": 1,
      "in_form": false
    }
  },
  {
    "pk": 8,
    "model": "webapp.locationtype",
    "fields": {
      "rght": 9,
      "code": "",
      "name": "Polling Stream",
      "parent": 7,
      "level": 7,
      "lft": 8,
      "tree_id": 1,
      "in_form": false
    }
  },
  {
    "pk": 1,
    "model": "webapp.location",
    "fields": {
      "rght": 2,
      "code": "ZM",
      "name": "Zambia",
      "parent": null,
      "level": 0,
      "lft": 1,
      "tree_id": 1,
      "type": 1
    }
  },
  {
    "pk": 1,
    "model": "webapp.observerrole",
    "fields": {
      "name": "District Supervisor",
      "parent": null
    }
  },
  {
    "pk": 2,
    "model": "webapp.observerrole",
    "fields": {
      "name": "Monitor",
      "parent": 1
    }
  },
  {
    "pk": 1,
    "model": "webapp.checklistform",
    "fields": {
      "prefix": "EDAY",
      "name": "Elections"
    }
  },
  {
    "pk": 2,
    "model": "webapp.checklistform",
    "fields": {
      "prefix": "RRP",
      "name": "Elections (RRP)"
    }
  },
  {
    "pk": 1,
    "model": "webapp.checklistquestiontype",
    "fields": {
      "validate_regex": "[12]",
      "widget": "radio",
      "name": "yes_or_no"
    }
  },
  {
    "pk": 2,
    "model": "webapp.checklistquestiontype",
    "fields": {
      "validate_regex": "\\d+",
      "widget": "checkbox",
      "name": "multiple_choice"
    }
  },
  {
    "pk": 3,
    "model": "webapp.checklistquestiontype",
    "fields": {
      "validate_regex": "\\d+",
      "widget": "text",
      "name": "numeric"
    }
  },
  {
    "pk": 4,
    "model": "webapp.checklistquestiontype",
    "fields": {
      "validate_regex": "\\d",
      "widget": "radio",
      "name": "multiple_choice_exclusive"
    }
  },
  {
    "pk": 1,
    "model": "webapp.checklistquestion",
    "fields": {
      "text": "At what time did people start voting at your polling stream? (if voting has not commenced by 9am complete a critical incident form)",
      "code": "A",
      "type": 4,
      "weight": 1,
      "form": 1
    }
  },
  {
    "pk": 2,
    "model": "webapp.checklistquestion",
    "fields": {
      "text": "Was the polling stream set up so that voters could mark their ballot in secret?\r\n(if \"No\" complete a critical incident form)\r\n",
      "code": "B",
      "type": 1,
      "weight": 2,
      "form": 1
    }
  },
  {
    "pk": 3,
    "model": "webapp.checklistquestion",
    "fields": {
      "text": "Did the polling stream have the following materials?(if any materials are missing complete a critical incident form)",
      "code": "C",
      "type": 3,
      "weight": 3,
      "form": 1
    }
  },
  {
    "pk": 4,
    "model": "webapp.checklistquestion",
    "fields": {
      "text": "Indelible Markers",
      "code": "CA",
      "type": 1,
      "weight": 4,
      "form": 1
    }
  },
  {
    "pk": 5,
    "model": "webapp.checklistquestion",
    "fields": {
      "text": "Three Ballot Boxes (Presidential, National Assembly and Local Government)",
      "code": "CB",
      "type": 4,
      "weight": 5,
      "form": 1
    }
  },
  {
    "pk": 6,
    "model": "webapp.checklistquestion",
    "fields": {
      "text": "Presidential Ballot Papers - Orange ",
      "code": "CC",
      "type": 4,
      "weight": 6,
      "form": 1
    }
  },
  {
    "pk": 7,
    "model": "webapp.checklistquestion",
    "fields": {
      "text": "Parliamentary/National Assembly Ballot Papers - Red ",
      "code": "CD",
      "type": 4,
      "weight": 7,
      "form": 1
    }
  },
  {
    "pk": 8,
    "model": "webapp.checklistquestion",
    "fields": {
      "text": "Local Government Ballot Papers - Black and White",
      "code": "CE",
      "type": 4,
      "weight": 8,
      "form": 1
    }
  },
  {
    "pk": 9,
    "model": "webapp.checklistquestion",
    "fields": {
      "text": "Official Stamp/Mark",
      "code": "CF",
      "type": 1,
      "weight": 9,
      "form": 1
    }
  },
  {
    "pk": 10,
    "model": "webapp.checklistquestion",
    "fields": {
      "text": "Final Voters' Register",
      "code": "CG",
      "type": 1,
      "weight": 10,
      "form": 1
    }
  },
  {
    "pk": 11,
    "model": "webapp.checklistquestion",
    "fields": {
      "text": "Polling Booths",
      "code": "CH",
      "type": 1,
      "weight": 11,
      "form": 1
    }
  },
  {
    "pk": 12,
    "model": "webapp.checklistquestion",
    "fields": {
      "text": "How many polling officials were present at the polling stream?",
      "code": "D",
      "type": 3,
      "weight": 12,
      "form": 1
    }
  },
  {
    "pk": 13,
    "model": "webapp.checklistquestion",
    "fields": {
      "text": "How many political party polling agents were present at the polling stream?",
      "code": "E",
      "type": 3,
      "weight": 13,
      "form": 1
    }
  },
  {
    "pk": 14,
    "model": "webapp.checklistquestion",
    "fields": {
      "text": "Was a polling agent present for MMD?",
      "code": "EA",
      "type": 1,
      "weight": 14,
      "form": 1
    }
  },
  {
    "pk": 15,
    "model": "webapp.checklistquestion",
    "fields": {
      "text": "Was a polling agent present for Patriotic Front?",
      "code": "EB",
      "type": 1,
      "weight": 15,
      "form": 1
    }
  },
  {
    "pk": 16,
    "model": "webapp.checklistquestion",
    "fields": {
      "text": "Was a polling agent present for UPND?",
      "code": "EC",
      "type": 1,
      "weight": 16,
      "form": 1
    }
  },
  {
    "pk": 17,
    "model": "webapp.checklistquestion",
    "fields": {
      "text": "Were uniformed police present at the polling stream?",
      "code": "F",
      "type": 1,
      "weight": 17,
      "form": 1
    }
  },
  {
    "pk": 18,
    "model": "webapp.checklistquestion",
    "fields": {
      "text": "Were all ballot boxes present shown to be empty before they were closed and sealed?\r\n(if \"No\" complete a critical incident form)",
      "code": "G",
      "type": 1,
      "weight": 18,
      "form": 1
    }
  },
  {
    "pk": 19,
    "model": "webapp.checklistquestion",
    "fields": {
      "text": "How many people are registered at the polling stream?",
      "code": "H",
      "type": 3,
      "weight": 19,
      "form": 1
    }
  },
  {
    "pk": 20,
    "model": "webapp.checklistquestion",
    "fields": {
      "text": "What is the ECZ's six digit ID number of the polling station of your polling stream?",
      "code": "J",
      "type": 3,
      "weight": 20,
      "form": 1
    }
  },
  {
    "pk": 22,
    "model": "webapp.checklistquestion",
    "fields": {
      "text": "How many people with a NRC and voter's card were not permitted to vote because their name did not appear on the voter's register",
      "code": "K",
      "type": 4,
      "weight": 21,
      "form": 1
    }
  },
  {
    "pk": 23,
    "model": "webapp.checklistquestion",
    "fields": {
      "text": "How many people were permitted to vote even though they did not have their NRC and voter's card?",
      "code": "M",
      "type": 4,
      "weight": 22,
      "form": 1
    }
  },
  {
    "pk": 24,
    "model": "webapp.checklistquestion",
    "fields": {
      "text": "How many people were permitted to vote even though their name was not in the voter's register?",
      "code": "N",
      "type": 4,
      "weight": 23,
      "form": 1
    }
  },
  {
    "pk": 25,
    "model": "webapp.checklistquestion",
    "fields": {
      "text": "How many people who requested assistance in voting were denied assistance?",
      "code": "P",
      "type": 4,
      "weight": 24,
      "form": 1
    }
  },
  {
    "pk": 26,
    "model": "webapp.checklistquestion",
    "fields": {
      "text": "How many people were permitted to vote on behalf of someone other than themselves?",
      "code": "Q",
      "type": 4,
      "weight": 25,
      "form": 1
    }
  },
  {
    "pk": 27,
    "model": "webapp.checklistquestion",
    "fields": {
      "text": "How many people who voted were not marked with indelible ink after voting?",
      "code": "R",
      "type": 4,
      "weight": 26,
      "form": 1
    }
  },
  {
    "pk": 28,
    "model": "webapp.checklistquestion",
    "fields": {
      "text": "At any time, did any campaigning occur inside the polling stream?",
      "code": "S",
      "type": 1,
      "weight": 27,
      "form": 1
    }
  },
  {
    "pk": 29,
    "model": "webapp.checklistquestion",
    "fields": {
      "text": "At any time, were uniformed security personnel in the polling stream without permission of the election officials?",
      "code": "T",
      "type": 1,
      "weight": 28,
      "form": 1
    }
  },
  {
    "pk": 30,
    "model": "webapp.checklistquestion",
    "fields": {
      "text": "At any time, were unauthorised persons permitted in the polling stream?",
      "code": "U",
      "type": 1,
      "weight": 29,
      "form": 1
    }
  },
  {
    "pk": 31,
    "model": "webapp.checklistquestion",
    "fields": {
      "text": "Were there any incidents of intimidation or violence at the polling stream? \r\n(if \"Yes\" complete a critical incident form)",
      "code": "V",
      "type": 1,
      "weight": 30,
      "form": 1
    }
  },
  {
    "pk": 32,
    "model": "webapp.checklistquestion",
    "fields": {
      "text": "At any time, was the voting process suspended for more than 30 minutes?\r\n(if \"Yes\" complete a critical incident form)",
      "code": "W",
      "type": 1,
      "weight": 31,
      "form": 1
    }
  },
  {
    "pk": 33,
    "model": "webapp.checklistquestion",
    "fields": {
      "text": "How many people were in still in the queue waiting to vote at 18h00?",
      "code": "X",
      "type": 4,
      "weight": 32,
      "form": 1
    }
  },
  {
    "pk": 34,
    "model": "webapp.checklistquestion",
    "fields": {
      "text": "Was everyone in the queue waiting to vote at 18h00 permitted to vote?",
      "code": "Y",
      "type": 4,
      "weight": 33,
      "form": 1
    }
  },
  {
    "pk": 35,
    "model": "webapp.checklistquestion",
    "fields": {
      "text": "Was anyone permitted to join the queue and vote after 18h00?",
      "code": "Z",
      "type": 1,
      "weight": 34,
      "form": 1
    }
  },
  {
    "pk": 36,
    "model": "webapp.checklistquestion",
    "fields": {
      "text": "Were the opening slots of all ballot boxes sealed closed after everyone had voted?",
      "code": "AA",
      "type": 1,
      "weight": 35,
      "form": 1
    }
  },
  {
    "pk": 37,
    "model": "webapp.checklistquestion",
    "fields": {
      "text": "Were all polling agents permitted to observe the counting of ballot papers?\r\n(if \"No\" complete a critical incident form)",
      "code": "AB",
      "type": 1,
      "weight": 36,
      "form": 1
    }
  },
  {
    "pk": 38,
    "model": "webapp.checklistquestion",
    "fields": {
      "text": "Were any unauthorized persons present during counting?\r\n(if \"Yes\" complete a critical incident form)",
      "code": "AC",
      "type": 1,
      "weight": 37,
      "form": 1
    }
  },
  {
    "pk": 39,
    "model": "webapp.checklistquestion",
    "fields": {
      "text": "Were there any incidents of intimidation during counting? \r\n(if \"Yes\" complete a critical incident form)\r\n",
      "code": "AD",
      "type": 1,
      "weight": 38,
      "form": 1
    }
  },
  {
    "pk": 40,
    "model": "webapp.checklistquestion",
    "fields": {
      "text": "Ballot Paper Reconciliation",
      "code": "AE",
      "type": 3,
      "weight": 39,
      "form": 1
    }
  },
  {
    "pk": 41,
    "model": "webapp.checklistquestion",
    "fields": {
      "text": "Number of Ballot Papers Received",
      "code": "AEA",
      "type": 3,
      "weight": 40,
      "form": 1
    }
  },
  {
    "pk": 42,
    "model": "webapp.checklistquestion",
    "fields": {
      "text": "Number of Unused Ballot Papers",
      "code": "AEB",
      "type": 3,
      "weight": 41,
      "form": 1
    }
  },
  {
    "pk": 43,
    "model": "webapp.checklistquestion",
    "fields": {
      "text": "Number of Issued Ballot Papers",
      "code": "AEC",
      "type": 3,
      "weight": 42,
      "form": 1
    }
  },
  {
    "pk": 44,
    "model": "webapp.checklistquestion",
    "fields": {
      "text": "Number of Spoilt Ballot Papers",
      "code": "AED",
      "type": 1,
      "weight": 43,
      "form": 1
    }
  },
  {
    "pk": 45,
    "model": "webapp.checklistquestion",
    "fields": {
      "text": "Number of Ballot Papers Found in the Ballot Box",
      "code": "AEE",
      "type": 3,
      "weight": 44,
      "form": 1
    }
  },
  {
    "pk": 46,
    "model": "webapp.checklistquestion",
    "fields": {
      "text": "Official Results as Declared by the Election Officials",
      "code": "AF",
      "type": 3,
      "weight": 45,
      "form": 1
    }
  },
  {
    "pk": 47,
    "model": "webapp.checklistquestion",
    "fields": {
      "text": "ADD",
      "code": "AFA",
      "type": 3,
      "weight": 46,
      "form": 1
    }
  },
  {
    "pk": 48,
    "model": "webapp.checklistquestion",
    "fields": {
      "text": "FDD",
      "code": "AFB",
      "type": 3,
      "weight": 47,
      "form": 1
    }
  },
  {
    "pk": 49,
    "model": "webapp.checklistquestion",
    "fields": {
      "text": "Heritage Party",
      "code": "AFC",
      "type": 3,
      "weight": 48,
      "form": 1
    }
  },
  {
    "pk": 50,
    "model": "webapp.checklistquestion",
    "fields": {
      "text": "MMD",
      "code": "AFD",
      "type": 3,
      "weight": 49,
      "form": 1
    }
  },
  {
    "pk": 51,
    "model": "webapp.checklistquestion",
    "fields": {
      "text": "NAREP",
      "code": "AFE",
      "type": 3,
      "weight": 50,
      "form": 1
    }
  },
  {
    "pk": 52,
    "model": "webapp.checklistquestion",
    "fields": {
      "text": "NDF",
      "code": "AFF",
      "type": 3,
      "weight": 51,
      "form": 1
    }
  },
  {
    "pk": 53,
    "model": "webapp.checklistquestion",
    "fields": {
      "text": "NMP",
      "code": "AFG",
      "type": 3,
      "weight": 52,
      "form": 1
    }
  },
  {
    "pk": 54,
    "model": "webapp.checklistquestion",
    "fields": {
      "text": "Patriotic Front",
      "code": "AFH",
      "type": 3,
      "weight": 53,
      "form": 1
    }
  },
  {
    "pk": 55,
    "model": "webapp.checklistquestion",
    "fields": {
      "text": "ULP",
      "code": "AFJ",
      "type": 3,
      "weight": 54,
      "form": 1
    }
  },
  {
    "pk": 56,
    "model": "webapp.checklistquestion",
    "fields": {
      "text": "UNIP",
      "code": "AFK",
      "type": 3,
      "weight": 55,
      "form": 1
    }
  },
  {
    "pk": 57,
    "model": "webapp.checklistquestion",
    "fields": {
      "text": "UPND",
      "code": "AFM",
      "type": 3,
      "weight": 56,
      "form": 1
    }
  },
  {
    "pk": 58,
    "model": "webapp.checklistquestion",
    "fields": {
      "text": "ZED",
      "code": "AFN",
      "type": 3,
      "weight": 57,
      "form": 1
    }
  },
  {
    "pk": 59,
    "model": "webapp.checklistquestion",
    "fields": {
      "text": "Other (write in name)",
      "code": "AFP",
      "type": 3,
      "weight": 58,
      "form": 1
    }
  },
  {
    "pk": 60,
    "model": "webapp.checklistquestion",
    "fields": {
      "text": "Number of Rejected Ballot Papers",
      "code": "AFQ",
      "type": 3,
      "weight": 59,
      "form": 1
    }
  },
  {
    "pk": 61,
    "model": "webapp.checklistquestion",
    "fields": {
      "text": "Number of Disputed Ballots",
      "code": "AFR",
      "type": 3,
      "weight": 60,
      "form": 1
    }
  },
  {
    "pk": 62,
    "model": "webapp.checklistquestion",
    "fields": {
      "text": "Did you agree with the presidential results for your polling stream?",
      "code": "AG",
      "type": 1,
      "weight": 61,
      "form": 1
    }
  },
  {
    "pk": 63,
    "model": "webapp.checklistquestion",
    "fields": {
      "text": "Did all polling agents present agree with the presidential results for your polling stream?",
      "code": "AH",
      "type": 1,
      "weight": 62,
      "form": 1
    }
  },
  {
    "pk": 64,
    "model": "webapp.checklistquestion",
    "fields": {
      "text": "Were all polling agents present given a copy of the official results for the polling station?",
      "code": "AJ",
      "type": 1,
      "weight": 63,
      "form": 1
    }
  },
  {
    "pk": 65,
    "model": "webapp.checklistquestion",
    "fields": {
      "text": "Were the official results for the polling station posted for the public to see?",
      "code": "AK",
      "type": 1,
      "weight": 64,
      "form": 1
    }
  },
  {
    "pk": 66,
    "model": "webapp.checklistquestion",
    "fields": {
      "text": "At what time did people start voting at your polling stream? (if voting has not commenced by 9am complete a critical incident form)",
      "code": "A",
      "type": 4,
      "weight": 1,
      "form": 2
    }
  },
  {
    "pk": 67,
    "model": "webapp.checklistquestion",
    "fields": {
      "text": "Was the polling stream set up so that voters could mark their ballot in secret?\r\n(if \"No\" complete a critical incident form)\r\n",
      "code": "B",
      "type": 1,
      "weight": 2,
      "form": 2
    }
  },
  {
    "pk": 68,
    "model": "webapp.checklistquestion",
    "fields": {
      "text": "Did the polling stream have the following materials?(if any materials are missing complete a critical incident form)",
      "code": "C",
      "type": 3,
      "weight": 3,
      "form": 2
    }
  },
  {
    "pk": 69,
    "model": "webapp.checklistquestion",
    "fields": {
      "text": "Indelible Markers",
      "code": "CA",
      "type": 1,
      "weight": 4,
      "form": 2
    }
  },
  {
    "pk": 70,
    "model": "webapp.checklistquestion",
    "fields": {
      "text": "Three Ballot Boxes (Presidential, National Assembly and Local Government)",
      "code": "CB",
      "type": 4,
      "weight": 5,
      "form": 2
    }
  },
  {
    "pk": 71,
    "model": "webapp.checklistquestion",
    "fields": {
      "text": "Presidential Ballot Papers - Orange ",
      "code": "CC",
      "type": 4,
      "weight": 6,
      "form": 2
    }
  },
  {
    "pk": 72,
    "model": "webapp.checklistquestion",
    "fields": {
      "text": "Parliamentary/National Assembly Ballot Papers - Red ",
      "code": "CD",
      "type": 4,
      "weight": 7,
      "form": 2
    }
  },
  {
    "pk": 73,
    "model": "webapp.checklistquestion",
    "fields": {
      "text": "Local Government Ballot Papers - Black and White",
      "code": "CE",
      "type": 4,
      "weight": 8,
      "form": 2
    }
  },
  {
    "pk": 74,
    "model": "webapp.checklistquestion",
    "fields": {
      "text": "Official Stamp/Mark",
      "code": "CF",
      "type": 1,
      "weight": 9,
      "form": 2
    }
  },
  {
    "pk": 75,
    "model": "webapp.checklistquestion",
    "fields": {
      "text": "Final Voters' Register",
      "code": "CG",
      "type": 1,
      "weight": 10,
      "form": 2
    }
  },
  {
    "pk": 76,
    "model": "webapp.checklistquestion",
    "fields": {
      "text": "Polling Booths",
      "code": "CH",
      "type": 1,
      "weight": 11,
      "form": 2
    }
  },
  {
    "pk": 77,
    "model": "webapp.checklistquestion",
    "fields": {
      "text": "How many polling officials were present at the polling stream?",
      "code": "D",
      "type": 3,
      "weight": 12,
      "form": 2
    }
  },
  {
    "pk": 78,
    "model": "webapp.checklistquestion",
    "fields": {
      "text": "How many political party polling agents were present at the polling stream?",
      "code": "E",
      "type": 3,
      "weight": 13,
      "form": 2
    }
  },
  {
    "pk": 79,
    "model": "webapp.checklistquestion",
    "fields": {
      "text": "Was a polling agent present for MMD?",
      "code": "EA",
      "type": 1,
      "weight": 14,
      "form": 2
    }
  },
  {
    "pk": 80,
    "model": "webapp.checklistquestion",
    "fields": {
      "text": "Was a polling agent present for Patriotic Front?",
      "code": "EB",
      "type": 1,
      "weight": 15,
      "form": 2
    }
  },
  {
    "pk": 81,
    "model": "webapp.checklistquestion",
    "fields": {
      "text": "Was a polling agent present for UPND?",
      "code": "EC",
      "type": 1,
      "weight": 16,
      "form": 2
    }
  },
  {
    "pk": 82,
    "model": "webapp.checklistquestion",
    "fields": {
      "text": "Were uniformed police present at the polling stream?",
      "code": "F",
      "type": 1,
      "weight": 17,
      "form": 2
    }
  },
  {
    "pk": 83,
    "model": "webapp.checklistquestion",
    "fields": {
      "text": "Were all ballot boxes present shown to be empty before they were closed and sealed?\r\n(if \"No\" complete a critical incident form)",
      "code": "G",
      "type": 1,
      "weight": 18,
      "form": 2
    }
  },
  {
    "pk": 84,
    "model": "webapp.checklistquestion",
    "fields": {
      "text": "How many people are registered at the polling stream?",
      "code": "H",
      "type": 3,
      "weight": 19,
      "form": 2
    }
  },
  {
    "pk": 85,
    "model": "webapp.checklistquestion",
    "fields": {
      "text": "What is the ECZ's six digit ID number of the polling station of your polling stream",
      "code": "J",
      "type": 3,
      "weight": 20,
      "form": 2
    }
  },
  {
    "pk": 86,
    "model": "webapp.checklistquestion",
    "fields": {
      "text": "How many people with a NRC and voter's card were not permitted to vote because their name did not appear on the voter's register",
      "code": "K",
      "type": 4,
      "weight": 21,
      "form": 2
    }
  },
  {
    "pk": 87,
    "model": "webapp.checklistquestion",
    "fields": {
      "text": "How many people were permitted to vote even though they did not have their NRC and voter's card?",
      "code": "M",
      "type": 4,
      "weight": 22,
      "form": 2
    }
  },
  {
    "pk": 88,
    "model": "webapp.checklistquestion",
    "fields": {
      "text": "How many people were permitted to vote even though their name was not in the voter's register?",
      "code": "N",
      "type": 4,
      "weight": 23,
      "form": 2
    }
  },
  {
    "pk": 89,
    "model": "webapp.checklistquestion",
    "fields": {
      "text": "How many people who requested assistance in voting were denied assistance?",
      "code": "P",
      "type": 4,
      "weight": 24,
      "form": 2
    }
  },
  {
    "pk": 90,
    "model": "webapp.checklistquestion",
    "fields": {
      "text": "How many people were permitted to vote on behalf of someone other than themselves?",
      "code": "Q",
      "type": 4,
      "weight": 25,
      "form": 2
    }
  },
  {
    "pk": 91,
    "model": "webapp.checklistquestion",
    "fields": {
      "text": "How many people who voted were not marked with indelible ink after voting?",
      "code": "R",
      "type": 4,
      "weight": 26,
      "form": 2
    }
  },
  {
    "pk": 92,
    "model": "webapp.checklistquestion",
    "fields": {
      "text": "At any time, did any campaigning occur inside the polling stream?",
      "code": "S",
      "type": 1,
      "weight": 27,
      "form": 2
    }
  },
  {
    "pk": 93,
    "model": "webapp.checklistquestion",
    "fields": {
      "text": "At any time, were uniformed security personnel in the polling stream without permission of the election officials?",
      "code": "T",
      "type": 1,
      "weight": 28,
      "form": 2
    }
  },
  {
    "pk": 94,
    "model": "webapp.checklistquestion",
    "fields": {
      "text": "At any time, were unauthorised persons permitted in the polling stream?",
      "code": "U",
      "type": 1,
      "weight": 29,
      "form": 2
    }
  },
  {
    "pk": 95,
    "model": "webapp.checklistquestion",
    "fields": {
      "text": "Were there any incidents of intimidation or violence at the polling stream? \r\n(if \"Yes\" complete a critical incident form)",
      "code": "V",
      "type": 1,
      "weight": 30,
      "form": 2
    }
  },
  {
    "pk": 96,
    "model": "webapp.checklistquestion",
    "fields": {
      "text": "At any time, was the voting process suspended for more than 30 minutes?\r\n(if \"Yes\" complete a critical incident form)",
      "code": "W",
      "type": 1,
      "weight": 31,
      "form": 2
    }
  },
  {
    "pk": 97,
    "model": "webapp.checklistquestion",
    "fields": {
      "text": "How many people were in still in the queue waiting to vote at 18h00?",
      "code": "X",
      "type": 4,
      "weight": 32,
      "form": 2
    }
  },
  {
    "pk": 98,
    "model": "webapp.checklistquestion",
    "fields": {
      "text": "Was everyone in the queue waiting to vote at 18h00 permitted to vote?",
      "code": "Y",
      "type": 4,
      "weight": 33,
      "form": 2
    }
  },
  {
    "pk": 99,
    "model": "webapp.checklistquestion",
    "fields": {
      "text": "Was anyone permitted to join the queue and vote after 18h00?",
      "code": "Z",
      "type": 1,
      "weight": 34,
      "form": 2
    }
  },
  {
    "pk": 100,
    "model": "webapp.checklistquestion",
    "fields": {
      "text": "Were the opening slots of all ballot boxes sealed closed after everyone had voted?",
      "code": "AA",
      "type": 1,
      "weight": 35,
      "form": 2
    }
  },
  {
    "pk": 101,
    "model": "webapp.checklistquestion",
    "fields": {
      "text": "Were all polling agents permitted to observe the counting of ballot papers?\r\n(if \"No\" complete a critical incident form)",
      "code": "AB",
      "type": 1,
      "weight": 36,
      "form": 2
    }
  },
  {
    "pk": 102,
    "model": "webapp.checklistquestion",
    "fields": {
      "text": "Were any unauthorized persons present during counting?\r\n(if \"Yes\" complete a critical incident form)",
      "code": "AC",
      "type": 1,
      "weight": 37,
      "form": 2
    }
  },
  {
    "pk": 103,
    "model": "webapp.checklistquestion",
    "fields": {
      "text": "Were there any incidents of intimidation during counting? \r\n(if \"Yes\" complete a critical incident form)\r\n",
      "code": "AD",
      "type": 1,
      "weight": 38,
      "form": 2
    }
  },
  {
    "pk": 104,
    "model": "webapp.checklistquestion",
    "fields": {
      "text": "Ballot Paper Reconciliation",
      "code": "AE",
      "type": 3,
      "weight": 39,
      "form": 2
    }
  },
  {
    "pk": 105,
    "model": "webapp.checklistquestion",
    "fields": {
      "text": "Number of Ballot Papers Received",
      "code": "AEA",
      "type": 3,
      "weight": 40,
      "form": 2
    }
  },
  {
    "pk": 106,
    "model": "webapp.checklistquestion",
    "fields": {
      "text": "Number of Unused Ballot Papers",
      "code": "AEB",
      "type": 3,
      "weight": 41,
      "form": 2
    }
  },
  {
    "pk": 107,
    "model": "webapp.checklistquestion",
    "fields": {
      "text": "Number of Issued Ballot Papers",
      "code": "AEC",
      "type": 3,
      "weight": 42,
      "form": 2
    }
  },
  {
    "pk": 108,
    "model": "webapp.checklistquestion",
    "fields": {
      "text": "Number of Spoilt Ballot Papers",
      "code": "AED",
      "type": 1,
      "weight": 43,
      "form": 2
    }
  },
  {
    "pk": 109,
    "model": "webapp.checklistquestion",
    "fields": {
      "text": "Number of Ballot Papers Found in the Ballot Box",
      "code": "AEE",
      "type": 3,
      "weight": 44,
      "form": 2
    }
  },
  {
    "pk": 110,
    "model": "webapp.checklistquestion",
    "fields": {
      "text": "Official Presidential Results as Declared by the Election Officials (Presidential Election Only)",
      "code": "AF",
      "type": 3,
      "weight": 45,
      "form": 2
    }
  },
  {
    "pk": 111,
    "model": "webapp.checklistquestion",
    "fields": {
      "text": "Votes for Rupiah Banda, MMD",
      "code": "AFA",
      "type": 3,
      "weight": 46,
      "form": 2
    }
  },
  {
    "pk": 112,
    "model": "webapp.checklistquestion",
    "fields": {
      "text": "Votes for Elias Chipimo, NAREP",
      "code": "AFB",
      "type": 3,
      "weight": 47,
      "form": 2
    }
  },
  {
    "pk": 113,
    "model": "webapp.checklistquestion",
    "fields": {
      "text": "Votes for Hakainde Hichilema, UPND",
      "code": "AFC",
      "type": 3,
      "weight": 48,
      "form": 2
    }
  },
  {
    "pk": 114,
    "model": "webapp.checklistquestion",
    "fields": {
      "text": "Votes for Tilyenji Kaunda, UNIP",
      "code": "AFD",
      "type": 3,
      "weight": 49,
      "form": 2
    }
  },
  {
    "pk": 115,
    "model": "webapp.checklistquestion",
    "fields": {
      "text": "Votes for Ng\u2019andu Magande, NMP",
      "code": "AFE",
      "type": 3,
      "weight": 50,
      "form": 2
    }
  },
  {
    "pk": 116,
    "model": "webapp.checklistquestion",
    "fields": {
      "text": "Votes for Charles Milupi, ADD",
      "code": "AFF",
      "type": 3,
      "weight": 51,
      "form": 2
    }
  },
  {
    "pk": 117,
    "model": "webapp.checklistquestion",
    "fields": {
      "text": "Votes for Godfrey Miyanda, Heritage Party",
      "code": "AFG",
      "type": 3,
      "weight": 52,
      "form": 2
    }
  },
  {
    "pk": 118,
    "model": "webapp.checklistquestion",
    "fields": {
      "text": "Votes for Fred Mutesa, ZED",
      "code": "AFH",
      "type": 3,
      "weight": 53,
      "form": 2
    }
  },
  {
    "pk": 119,
    "model": "webapp.checklistquestion",
    "fields": {
      "text": "Votes for Edith Nawakwi, FDD",
      "code": "AFJ",
      "type": 3,
      "weight": 54,
      "form": 2
    }
  },
  {
    "pk": 120,
    "model": "webapp.checklistquestion",
    "fields": {
      "text": "Votes for Michael Sata, Patriotic Front",
      "code": "AFK",
      "type": 3,
      "weight": 55,
      "form": 2
    }
  },
  {
    "pk": 121,
    "model": "webapp.checklistquestion",
    "fields": {
      "text": "Number of Rejected Ballot Papers",
      "code": "AFM",
      "type": 3,
      "weight": 56,
      "form": 2
    }
  },
  {
    "pk": 122,
    "model": "webapp.checklistquestion",
    "fields": {
      "text": "Number of Disputed Ballots",
      "code": "AFN",
      "type": 3,
      "weight": 57,
      "form": 2
    }
  },
  {
    "pk": 126,
    "model": "webapp.checklistquestion",
    "fields": {
      "text": "Did you agree with the presidential results for your polling stream?",
      "code": "AG",
      "type": 1,
      "weight": 58,
      "form": 2
    }
  },
  {
    "pk": 127,
    "model": "webapp.checklistquestion",
    "fields": {
      "text": "Did all polling agents present agree with the presidential results for your polling stream?",
      "code": "AH",
      "type": 1,
      "weight": 59,
      "form": 2
    }
  },
  {
    "pk": 128,
    "model": "webapp.checklistquestion",
    "fields": {
      "text": "Were all polling agents present given a copy of the official results for the polling station?",
      "code": "AJ",
      "type": 1,
      "weight": 60,
      "form": 2
    }
  },
  {
    "pk": 129,
    "model": "webapp.checklistquestion",
    "fields": {
      "text": "Were the official results for the polling station posted for the public to see?",
      "code": "AK",
      "type": 1,
      "weight": 61,
      "form": 2
    }
  },
  {
    "pk": 1,
    "model": "webapp.checklistquestionoption",
    "fields": {
      "code": "1",
      "question": 1,
      "name": "Before  6am "
    }
  },
  {
    "pk": 2,
    "model": "webapp.checklistquestionoption",
    "fields": {
      "code": "2",
      "question": 1,
      "name": "At 6am"
    }
  },
  {
    "pk": 3,
    "model": "webapp.checklistquestionoption",
    "fields": {
      "code": "3",
      "question": 1,
      "name": "Between 6am and 7am"
    }
  },
  {
    "pk": 4,
    "model": "webapp.checklistquestionoption",
    "fields": {
      "code": "4",
      "question": 1,
      "name": "Between 7am and 9am"
    }
  },
  {
    "pk": 5,
    "model": "webapp.checklistquestionoption",
    "fields": {
      "code": "5",
      "question": 1,
      "name": "After  9am"
    }
  },
  {
    "pk": 10,
    "model": "webapp.checklistquestionoption",
    "fields": {
      "code": "1",
      "question": 5,
      "name": "3 Boxes Present"
    }
  },
  {
    "pk": 11,
    "model": "webapp.checklistquestionoption",
    "fields": {
      "code": "2",
      "question": 5,
      "name": "2 Boxes Present"
    }
  },
  {
    "pk": 12,
    "model": "webapp.checklistquestionoption",
    "fields": {
      "code": "3",
      "question": 5,
      "name": "1 Box Present"
    }
  },
  {
    "pk": 13,
    "model": "webapp.checklistquestionoption",
    "fields": {
      "code": "4",
      "question": 5,
      "name": "No Boxes Present"
    }
  },
  {
    "pk": 14,
    "model": "webapp.checklistquestionoption",
    "fields": {
      "code": "1",
      "question": 6,
      "name": "Correct Ballots"
    }
  },
  {
    "pk": 15,
    "model": "webapp.checklistquestionoption",
    "fields": {
      "code": "2",
      "question": 6,
      "name": "No Ballots"
    }
  },
  {
    "pk": 16,
    "model": "webapp.checklistquestionoption",
    "fields": {
      "code": "1",
      "question": 7,
      "name": "Correct Ballots"
    }
  },
  {
    "pk": 17,
    "model": "webapp.checklistquestionoption",
    "fields": {
      "code": "2",
      "question": 7,
      "name": "Wrong Ballots"
    }
  },
  {
    "pk": 18,
    "model": "webapp.checklistquestionoption",
    "fields": {
      "code": "3",
      "question": 7,
      "name": "No Ballots"
    }
  },
  {
    "pk": 19,
    "model": "webapp.checklistquestionoption",
    "fields": {
      "code": "1",
      "question": 8,
      "name": "Correct Ballots"
    }
  },
  {
    "pk": 20,
    "model": "webapp.checklistquestionoption",
    "fields": {
      "code": "2",
      "question": 8,
      "name": "Wrong Ballots"
    }
  },
  {
    "pk": 21,
    "model": "webapp.checklistquestionoption",
    "fields": {
      "code": "3",
      "question": 8,
      "name": "No Ballots"
    }
  },
  {
    "pk": 41,
    "model": "webapp.checklistquestionoption",
    "fields": {
      "code": "1",
      "question": 22,
      "name": "None (0)"
    }
  },
  {
    "pk": 42,
    "model": "webapp.checklistquestionoption",
    "fields": {
      "code": "2",
      "question": 22,
      "name": "Few (1-5)"
    }
  },
  {
    "pk": 43,
    "model": "webapp.checklistquestionoption",
    "fields": {
      "code": "3",
      "question": 22,
      "name": "Some (6-25)"
    }
  },
  {
    "pk": 44,
    "model": "webapp.checklistquestionoption",
    "fields": {
      "code": "4",
      "question": 22,
      "name": "Many (26+)"
    }
  },
  {
    "pk": 45,
    "model": "webapp.checklistquestionoption",
    "fields": {
      "code": "1",
      "question": 23,
      "name": "None (0)"
    }
  },
  {
    "pk": 46,
    "model": "webapp.checklistquestionoption",
    "fields": {
      "code": "2",
      "question": 23,
      "name": "Few (1-5)"
    }
  },
  {
    "pk": 47,
    "model": "webapp.checklistquestionoption",
    "fields": {
      "code": "3",
      "question": 23,
      "name": "Some (6-25)"
    }
  },
  {
    "pk": 48,
    "model": "webapp.checklistquestionoption",
    "fields": {
      "code": "4",
      "question": 23,
      "name": "Many (26+)"
    }
  },
  {
    "pk": 49,
    "model": "webapp.checklistquestionoption",
    "fields": {
      "code": "1",
      "question": 24,
      "name": "None (0)"
    }
  },
  {
    "pk": 50,
    "model": "webapp.checklistquestionoption",
    "fields": {
      "code": "2",
      "question": 24,
      "name": "Few (1-5)"
    }
  },
  {
    "pk": 51,
    "model": "webapp.checklistquestionoption",
    "fields": {
      "code": "3",
      "question": 24,
      "name": "Some (6-25)"
    }
  },
  {
    "pk": 52,
    "model": "webapp.checklistquestionoption",
    "fields": {
      "code": "4",
      "question": 24,
      "name": "Many (26+)"
    }
  },
  {
    "pk": 53,
    "model": "webapp.checklistquestionoption",
    "fields": {
      "code": "1",
      "question": 25,
      "name": "None (0)"
    }
  },
  {
    "pk": 54,
    "model": "webapp.checklistquestionoption",
    "fields": {
      "code": "2",
      "question": 25,
      "name": "Few (1-5)"
    }
  },
  {
    "pk": 55,
    "model": "webapp.checklistquestionoption",
    "fields": {
      "code": "3",
      "question": 25,
      "name": "Some (6-25)"
    }
  },
  {
    "pk": 56,
    "model": "webapp.checklistquestionoption",
    "fields": {
      "code": "4",
      "question": 25,
      "name": "Many (26+)"
    }
  },
  {
    "pk": 57,
    "model": "webapp.checklistquestionoption",
    "fields": {
      "code": "1",
      "question": 26,
      "name": "None (0)"
    }
  },
  {
    "pk": 58,
    "model": "webapp.checklistquestionoption",
    "fields": {
      "code": "2",
      "question": 26,
      "name": "Few (1-5)"
    }
  },
  {
    "pk": 59,
    "model": "webapp.checklistquestionoption",
    "fields": {
      "code": "3",
      "question": 26,
      "name": "Some (6-25)"
    }
  },
  {
    "pk": 60,
    "model": "webapp.checklistquestionoption",
    "fields": {
      "code": "4",
      "question": 26,
      "name": "Many (26+)"
    }
  },
  {
    "pk": 61,
    "model": "webapp.checklistquestionoption",
    "fields": {
      "code": "1",
      "question": 27,
      "name": "None (0)"
    }
  },
  {
    "pk": 62,
    "model": "webapp.checklistquestionoption",
    "fields": {
      "code": "2",
      "question": 27,
      "name": "Few (1-5)"
    }
  },
  {
    "pk": 63,
    "model": "webapp.checklistquestionoption",
    "fields": {
      "code": "3",
      "question": 27,
      "name": "Some (6-25)"
    }
  },
  {
    "pk": 64,
    "model": "webapp.checklistquestionoption",
    "fields": {
      "code": "4",
      "question": 27,
      "name": "Many (26+)"
    }
  },
  {
    "pk": 75,
    "model": "webapp.checklistquestionoption",
    "fields": {
      "code": "1",
      "question": 33,
      "name": "None (0)"
    }
  },
  {
    "pk": 76,
    "model": "webapp.checklistquestionoption",
    "fields": {
      "code": "2",
      "question": 33,
      "name": "Few (1-5)"
    }
  },
  {
    "pk": 77,
    "model": "webapp.checklistquestionoption",
    "fields": {
      "code": "3",
      "question": 33,
      "name": "Some (6-25)"
    }
  },
  {
    "pk": 78,
    "model": "webapp.checklistquestionoption",
    "fields": {
      "code": "4",
      "question": 33,
      "name": "Many (26+)"
    }
  },
  {
    "pk": 79,
    "model": "webapp.checklistquestionoption",
    "fields": {
      "code": "1",
      "question": 34,
      "name": "Yes"
    }
  },
  {
    "pk": 80,
    "model": "webapp.checklistquestionoption",
    "fields": {
      "code": "2",
      "question": 34,
      "name": "No"
    }
  },
  {
    "pk": 81,
    "model": "webapp.checklistquestionoption",
    "fields": {
      "code": "3",
      "question": 34,
      "name": "No One in Queue"
    }
  },
  {
    "pk": 92,
    "model": "webapp.checklistquestionoption",
    "fields": {
      "code": "1",
      "question": 66,
      "name": "Before 6am"
    }
  },
  {
    "pk": 93,
    "model": "webapp.checklistquestionoption",
    "fields": {
      "code": "2",
      "question": 66,
      "name": "At 6am"
    }
  },
  {
    "pk": 94,
    "model": "webapp.checklistquestionoption",
    "fields": {
      "code": "3",
      "question": 66,
      "name": "Between 6am and 7am"
    }
  },
  {
    "pk": 95,
    "model": "webapp.checklistquestionoption",
    "fields": {
      "code": "4",
      "question": 66,
      "name": "Between 7am and 9am"
    }
  },
  {
    "pk": 96,
    "model": "webapp.checklistquestionoption",
    "fields": {
      "code": "5",
      "question": 66,
      "name": "After 9am"
    }
  },
  {
    "pk": 101,
    "model": "webapp.checklistquestionoption",
    "fields": {
      "code": "1",
      "question": 70,
      "name": "3 Boxes Present"
    }
  },
  {
    "pk": 102,
    "model": "webapp.checklistquestionoption",
    "fields": {
      "code": "2",
      "question": 70,
      "name": "2 Boxes Present"
    }
  },
  {
    "pk": 103,
    "model": "webapp.checklistquestionoption",
    "fields": {
      "code": "4",
      "question": 70,
      "name": "No Boxes Present"
    }
  },
  {
    "pk": 104,
    "model": "webapp.checklistquestionoption",
    "fields": {
      "code": "3",
      "question": 70,
      "name": "1 Box Present"
    }
  },
  {
    "pk": 105,
    "model": "webapp.checklistquestionoption",
    "fields": {
      "code": "1",
      "question": 71,
      "name": "Correct Ballots"
    }
  },
  {
    "pk": 106,
    "model": "webapp.checklistquestionoption",
    "fields": {
      "code": "2",
      "question": 71,
      "name": "No Ballots"
    }
  },
  {
    "pk": 107,
    "model": "webapp.checklistquestionoption",
    "fields": {
      "code": "1",
      "question": 72,
      "name": "Correct Ballots"
    }
  },
  {
    "pk": 108,
    "model": "webapp.checklistquestionoption",
    "fields": {
      "code": "3",
      "question": 72,
      "name": "No Ballots"
    }
  },
  {
    "pk": 109,
    "model": "webapp.checklistquestionoption",
    "fields": {
      "code": "2",
      "question": 72,
      "name": "Wrong Ballots"
    }
  },
  {
    "pk": 110,
    "model": "webapp.checklistquestionoption",
    "fields": {
      "code": "1",
      "question": 73,
      "name": "Correct Ballots"
    }
  },
  {
    "pk": 111,
    "model": "webapp.checklistquestionoption",
    "fields": {
      "code": "2",
      "question": 73,
      "name": "Wrong Ballots"
    }
  },
  {
    "pk": 112,
    "model": "webapp.checklistquestionoption",
    "fields": {
      "code": "3",
      "question": 73,
      "name": "No Ballots"
    }
  },
  {
    "pk": 157,
    "model": "webapp.checklistquestionoption",
    "fields": {
      "code": "1",
      "question": 98,
      "name": "Yes"
    }
  },
  {
    "pk": 158,
    "model": "webapp.checklistquestionoption",
    "fields": {
      "code": "2",
      "question": 98,
      "name": "No"
    }
  },
  {
    "pk": 159,
    "model": "webapp.checklistquestionoption",
    "fields": {
      "code": "3",
      "question": 98,
      "name": "No One in Queue"
    }
  },
  {
    "pk": 160,
    "model": "webapp.checklistquestionoption",
    "fields": {
      "code": "1",
      "question": 86,
      "name": "None (0)"
    }
  },
  {
    "pk": 162,
    "model": "webapp.checklistquestionoption",
    "fields": {
      "code": "2",
      "question": 86,
      "name": "Few (1-5)"
    }
  },
  {
    "pk": 163,
    "model": "webapp.checklistquestionoption",
    "fields": {
      "code": "3",
      "question": 86,
      "name": "Some (6-25)"
    }
  },
  {
    "pk": 164,
    "model": "webapp.checklistquestionoption",
    "fields": {
      "code": "4",
      "question": 86,
      "name": "Many (26+)"
    }
  },
  {
    "pk": 165,
    "model": "webapp.checklistquestionoption",
    "fields": {
      "code": "1",
      "question": 87,
      "name": "None (0)"
    }
  },
  {
    "pk": 166,
    "model": "webapp.checklistquestionoption",
    "fields": {
      "code": "2",
      "question": 87,
      "name": "Few (1-5)"
    }
  },
  {
    "pk": 167,
    "model": "webapp.checklistquestionoption",
    "fields": {
      "code": "3",
      "question": 87,
      "name": "Some (6-25)"
    }
  },
  {
    "pk": 168,
    "model": "webapp.checklistquestionoption",
    "fields": {
      "code": "4",
      "question": 87,
      "name": "Many (26+)"
    }
  },
  {
    "pk": 169,
    "model": "webapp.checklistquestionoption",
    "fields": {
      "code": "1",
      "question": 88,
      "name": "None (0)"
    }
  },
  {
    "pk": 170,
    "model": "webapp.checklistquestionoption",
    "fields": {
      "code": "2",
      "question": 88,
      "name": "Few (1-5)"
    }
  },
  {
    "pk": 171,
    "model": "webapp.checklistquestionoption",
    "fields": {
      "code": "3",
      "question": 88,
      "name": "Some (6-25)"
    }
  },
  {
    "pk": 172,
    "model": "webapp.checklistquestionoption",
    "fields": {
      "code": "4",
      "question": 88,
      "name": "Many (26+)"
    }
  },
  {
    "pk": 173,
    "model": "webapp.checklistquestionoption",
    "fields": {
      "code": "1",
      "question": 89,
      "name": "None (0)"
    }
  },
  {
    "pk": 174,
    "model": "webapp.checklistquestionoption",
    "fields": {
      "code": "2",
      "question": 89,
      "name": "Few (1-5)"
    }
  },
  {
    "pk": 175,
    "model": "webapp.checklistquestionoption",
    "fields": {
      "code": "3",
      "question": 89,
      "name": "Some (6-25)"
    }
  },
  {
    "pk": 176,
    "model": "webapp.checklistquestionoption",
    "fields": {
      "code": "4",
      "question": 89,
      "name": "Many (26+)"
    }
  },
  {
    "pk": 177,
    "model": "webapp.checklistquestionoption",
    "fields": {
      "code": "1",
      "question": 90,
      "name": "None (0)"
    }
  },
  {
    "pk": 178,
    "model": "webapp.checklistquestionoption",
    "fields": {
      "code": "2",
      "question": 90,
      "name": "Few (1-5)"
    }
  },
  {
    "pk": 179,
    "model": "webapp.checklistquestionoption",
    "fields": {
      "code": "3",
      "question": 90,
      "name": "Some (6-25)"
    }
  },
  {
    "pk": 180,
    "model": "webapp.checklistquestionoption",
    "fields": {
      "code": "4",
      "question": 90,
      "name": "Many (26+)"
    }
  },
  {
    "pk": 181,
    "model": "webapp.checklistquestionoption",
    "fields": {
      "code": "1",
      "question": 91,
      "name": "None (0)"
    }
  },
  {
    "pk": 182,
    "model": "webapp.checklistquestionoption",
    "fields": {
      "code": "2",
      "question": 91,
      "name": "Few (1-5)"
    }
  },
  {
    "pk": 183,
    "model": "webapp.checklistquestionoption",
    "fields": {
      "code": "3",
      "question": 91,
      "name": "Some (6-25)"
    }
  },
  {
    "pk": 184,
    "model": "webapp.checklistquestionoption",
    "fields": {
      "code": "4",
      "question": 91,
      "name": "Many (26+)"
    }
  },
  {
    "pk": 185,
    "model": "webapp.checklistquestionoption",
    "fields": {
      "code": "1",
      "question": 97,
      "name": "None (0)"
    }
  },
  {
    "pk": 186,
    "model": "webapp.checklistquestionoption",
    "fields": {
      "code": "2",
      "question": 97,
      "name": "Few (1-5)"
    }
  },
  {
    "pk": 187,
    "model": "webapp.checklistquestionoption",
    "fields": {
      "code": "3",
      "question": 97,
      "name": "Some (6-25)"
    }
  },
  {
    "pk": 188,
    "model": "webapp.checklistquestionoption",
    "fields": {
      "code": "4",
      "question": 97,
      "name": "Many (26+)"
    }
  },
  {
    "pk": 1,
    "model": "webapp.election",
    "fields": {
      "name": "Presidential"
    }
  },
  {
    "pk": 2,
    "model": "webapp.election",
    "fields": {
      "name": "Parliamentary"
    }
  },
  {
    "pk": 3,
    "model": "webapp.election",
    "fields": {
      "name": "Local Government"
    }
  },
  {
    "pk": 1,
    "model": "webapp.party",
    "fields": {
      "acronym": "ADD",
      "elections": [
        1,
        2,
        3
      ],
      "name": "Alliance for Democracy and Development",
      "location": 1
    }
  },
  {
    "pk": 2,
    "model": "webapp.party",
    "fields": {
      "acronym": "FDD",
      "elections": [
        1,
        2,
        3
      ],
      "name": "Forum for Democracy and Development",
      "location": 1
    }
  },
  {
    "pk": 3,
    "model": "webapp.party",
    "fields": {
      "acronym": "Heritage Party",
      "elections": [
        1,
        2,
        3
      ],
      "name": "Heritage Party",
      "location": 1
    }
  },
  {
    "pk": 4,
    "model": "webapp.party",
    "fields": {
      "acronym": "MMD",
      "elections": [
        1,
        2,
        3
      ],
      "name": "Movement for Multiparty Democracy",
      "location": 1
    }
  },
  {
    "pk": 5,
    "model": "webapp.party",
    "fields": {
      "acronym": "NAREP",
      "elections": [
        1,
        2,
        3
      ],
      "name": "National Restoration Party",
      "location": 1
    }
  },
  {
    "pk": 6,
    "model": "webapp.party",
    "fields": {
      "acronym": "NDF",
      "elections": [
        1,
        2,
        3
      ],
      "name": "National Democratic Focus",
      "location": 1
    }
  },
  {
    "pk": 7,
    "model": "webapp.party",
    "fields": {
      "acronym": "NMP",
      "elections": [
        1,
        2,
        3
      ],
      "name": "National Movement for Progress",
      "location": 1
    }
  },
  {
    "pk": 8,
    "model": "webapp.party",
    "fields": {
      "acronym": "Patriotic Front",
      "elections": [
        1,
        2,
        3
      ],
      "name": "Patriotic Front",
      "location": 1
    }
  },
  {
    "pk": 9,
    "model": "webapp.party",
    "fields": {
      "acronym": "ULP",
      "elections": [
        1,
        2,
        3
      ],
      "name": "United Liberal Party",
      "location": 1
    }
  },
  {
    "pk": 10,
    "model": "webapp.party",
    "fields": {
      "acronym": "UNP",
      "elections": [
        1,
        2,
        3
      ],
      "name": "United Nationalist Party",
      "location": 1
    }
  },
  {
    "pk": 11,
    "model": "webapp.party",
    "fields": {
      "acronym": "UNPD",
      "elections": [
        1,
        2,
        3
      ],
      "name": "United Party for National Development",
      "location": 1
    }
  },
  {
    "pk": 12,
    "model": "webapp.party",
    "fields": {
      "acronym": "ZED",
      "elections": [
        1,
        2,
        3
      ],
      "name": "Zambians for Empowerment and Development",
      "location": 1
    }
  },
  {
    "pk": 13,
    "model": "webapp.party",
    "fields": {
      "acronym": "UNIP",
      "elections": [
        1,
        2,
        3
      ],
      "name": "United National Independence Party",
      "location": 1
    }
  },
  {
    "pk": 14,
    "model": "webapp.party",
    "fields": {
      "acronym": "PRP",
      "elections": [
        1,
        2,
        3
      ],
      "name": "People's Redemption Party",
      "location": 1
    }
  },
  {
    "pk": 1,
    "model": "webapp.checklistformparty",
    "fields": {
      "party": 1,
      "form": 1,
      "weight": 1
    }
  },
  {
    "pk": 2,
    "model": "webapp.checklistformparty",
    "fields": {
      "party": 2,
      "form": 1,
      "weight": 2
    }
  },
  {
    "pk": 3,
    "model": "webapp.checklistformparty",
    "fields": {
      "party": 3,
      "form": 1,
      "weight": 3
    }
  },
  {
    "pk": 4,
    "model": "webapp.checklistformparty",
    "fields": {
      "party": 4,
      "form": 1,
      "weight": 4
    }
  },
  {
    "pk": 5,
    "model": "webapp.checklistformparty",
    "fields": {
      "party": 5,
      "form": 1,
      "weight": 5
    }
  },
  {
    "pk": 6,
    "model": "webapp.checklistformparty",
    "fields": {
      "party": 6,
      "form": 1,
      "weight": 6
    }
  },
  {
    "pk": 7,
    "model": "webapp.checklistformparty",
    "fields": {
      "party": 7,
      "form": 1,
      "weight": 7
    }
  },
  {
    "pk": 8,
    "model": "webapp.checklistformparty",
    "fields": {
      "party": 8,
      "form": 1,
      "weight": 8
    }
  },
  {
    "pk": 9,
    "model": "webapp.checklistformparty",
    "fields": {
      "party": 9,
      "form": 1,
      "weight": 9
    }
  },
  {
    "pk": 10,
    "model": "webapp.checklistformparty",
    "fields": {
      "party": 13,
      "form": 1,
      "weight": 10
    }
  },
  {
    "pk": 11,
    "model": "webapp.checklistformparty",
    "fields": {
      "party": 11,
      "form": 1,
      "weight": 11
    }
  },
  {
    "pk": 12,
    "model": "webapp.checklistformparty",
    "fields": {
      "party": 12,
      "form": 1,
      "weight": 12
    }
  },
  {
    "pk": 13,
    "model": "webapp.checklistformparty",
    "fields": {
      "party": 4,
      "form": 2,
      "weight": 1
    }
  },
  {
    "pk": 14,
    "model": "webapp.checklistformparty",
    "fields": {
      "party": 5,
      "form": 2,
      "weight": 2
    }
  },
  {
    "pk": 15,
    "model": "webapp.checklistformparty",
    "fields": {
      "party": 11,
      "form": 2,
      "weight": 3
    }
  },
  {
    "pk": 16,
    "model": "webapp.checklistformparty",
    "fields": {
      "party": 13,
      "form": 2,
      "weight": 4
    }
  },
  {
    "pk": 17,
    "model": "webapp.checklistformparty",
    "fields": {
      "party": 7,
      "form": 2,
      "weight": 5
    }
  },
  {
    "pk": 18,
    "model": "webapp.checklistformparty",
    "fields": {
      "party": 1,
      "form": 2,
      "weight": 6
    }
  },
  {
    "pk": 19,
    "model": "webapp.checklistformparty",
    "fields": {
      "party": 3,
      "form": 2,
      "weight": 7
    }
  },
  {
    "pk": 20,
    "model": "webapp.checklistformparty",
    "fields": {
      "party": 12,
      "form": 2,
      "weight": 8
    }
  },
  {
    "pk": 21,
    "model": "webapp.checklistformparty",
    "fields": {
      "party": 2,
      "form": 2,
      "weight": 9
    }
  },
  {
    "pk": 22,
    "model": "webapp.checklistformparty",
    "fields": {
      "party": 8,
      "form": 2,
      "weight": 10
    }
  }
]